id,branch_id,name,salary,active,address,email,created_at
1,1,John Barnes,9620660.35,True,"5410 Kathryn Village
Theresaside, ND 02199",ambergriffin@example.com,2024-07-19 15:56:12
2,1,Sonya Mclean,11310717.03,True,"USNV Taylor
FPO AA 80117",jeffery08@example.com,2022-06-02 17:36:37
3,1,Jeffrey Tucker,10626136.4,True,"58649 Brittany Expressway
Gibsonbury, OH 62177",heather47@example.net,2023-11-22 02:43:24
4,1,Mrs. Holly Evans,11570192.4,False,"588 Wolf Extension
Gregorychester, MD 25253",charles41@example.net,2024-06-19 02:28:18
5,1,Louis Cooper,11699853.61,False,"496 Lee Burgs Suite 207
West Donna, KS 45531",rcooke@example.net,2021-03-05 21:10:48
6,2,Emma Roberts,9330394.52,True,"USS Brown
FPO AA 58931",ambergreen@example.com,2021-12-14 06:15:02
7,2,Mary Dixon,9895795.71,True,"75869 Coleman Throughway Apt. 829
Lutzborough, IA 64824",lawsonjohn@example.com,2024-01-14 07:15:15
8,2,Keith Rivera,10249213.17,True,"4677 Cooley Loop Apt. 912
Wendyberg, PW 16703",wileysusan@example.com,2021-04-12 14:54:39
9,2,Glenda Stevens,12348005.04,False,"442 Matthews Springs Apt. 365
New Denise, SD 48845",gordondavid@example.org,2024-07-24 22:50:20
10,2,Michael Smith,10281001.7,False,"712 Moore Forest Apt. 338
Lake Shawn, GA 32970",emiller@example.net,2020-06-01 01:50:39
11,2,Ernest Ferguson,13692285.96,True,"5281 Bruce Greens Apt. 007
South Andrew, HI 68512",emily82@example.org,2022-02-22 09:47:50
12,2,Bonnie Norris,10400441.51,True,"827 Choi Pine
Lake Chelseaton, VI 32625",santosclaire@example.com,2021-03-29 21:45:40
13,2,Ryan Mcclure,9692137.57,True,"0193 Brown Path Suite 846
North Ruthchester, LA 68117",taylorjeff@example.net,2021-01-06 11:18:42
14,3,Jonathan Romero,9422478.67,True,"325 Baker Crossing Apt. 474
South Susanburgh, MH 74669",williamsrodney@example.net,2022-02-02 01:11:28
15,3,Pamela Robertson,11178526.18,True,"3838 Madison Brooks Suite 114
North Kevin, NM 10884",brentallen@example.com,2021-07-20 04:55:31
16,3,Kristin Alexander,10476446.71,True,"3612 Courtney Green
North Aliciamouth, NE 71268",shaffersarah@example.org,2023-08-04 07:59:11
17,3,Marissa Jones,9581571.16,True,"USCGC Brennan
FPO AE 03260",wsmith@example.com,2022-07-02 21:20:23
18,3,Jennifer Chen,10415442.62,True,"11815 Burke Loop Suite 185
North Sydneyside, UT 16798",robinsonbradley@example.com,2025-04-04 12:33:04
19,3,Erica Garza,9291480.38,True,"53845 Jenna Mall
Doylemouth, MI 44279",hcunningham@example.com,2020-12-04 17:40:18
20,3,Allison Ibarra,14623259.72,True,"7103 Nichole Walk
Youngland, GU 65391",nlopez@example.net,2023-07-19 02:26:46
21,4,Margaret Mitchell,14295368.43,True,"354 Jeffery Village
West Whitney, AS 84195",xrobbins@example.org,2024-08-13 13:33:05
22,4,Tara Anderson,12611148.66,True,"PSC 1724, Box 6032
APO AA 99068",morganlisa@example.org,2023-05-17 04:43:49
23,4,Amanda Rodriguez,14275612.52,True,"81668 Weaver Canyon
West Carl, CT 65040",vkoch@example.net,2020-09-04 09:21:26
24,4,Michael Lawrence,14870947.39,True,"1972 Harris Pike Suite 984
Port Brandonbury, ND 68220",elizabeth14@example.net,2024-02-20 18:09:11
25,4,Diana Green,14009759.29,True,"USNS Williams
FPO AE 96646",aharrison@example.net,2025-04-29 04:00:04
26,4,Stephanie Lyons,10349682.49,True,"2440 Robles Loaf
New Joseph, NE 26202",thomasramirez@example.com,2020-12-06 16:16:07
27,4,Roger Farley,12965912.0,True,"6342 Taylor River Apt. 427
Toddberg, FL 31639",sanfordtiffany@example.net,2023-08-12 15:27:13
28,4,Thomas Russell,12678966.69,True,"211 Zachary Burgs
West Samuelberg, MT 17445",amberwilliams@example.org,2021-06-04 22:14:09
29,5,Adrian Castro,9450032.23,True,"485 Jennifer Village Suite 743
Alicialand, PW 26518",kevin51@example.org,2024-05-10 18:36:54
30,5,Felicia Mercado,11455037.78,True,"6433 Peters Bridge
West Vickie, AR 64597",jose46@example.net,2022-11-04 14:58:24
31,5,Carol Lamb,13269395.92,True,"USNV Acosta
FPO AP 10795",william22@example.net,2020-10-07 19:36:17
32,5,Jordan Singh,11994072.57,True,"79654 Wise Burg Apt. 873
Port Michaelmouth, WV 34451",david11@example.com,2022-05-12 15:40:54
33,5,Daniel Robertson,14179417.47,True,"0959 Jason Burg Suite 202
Lake Angelaside, MA 84875",kellypittman@example.org,2023-05-21 10:33:25
34,5,Haley Singleton,11716831.6,True,"USNS Williams
FPO AA 87922",dorseypaul@example.com,2023-11-19 20:57:08
35,5,Rachel Torres,10636542.85,True,"5138 Marissa Junction
East Tina, TN 95197",thompsonhannah@example.com,2021-02-26 12:46:10
36,6,Jessica Sanchez,10440512.27,True,"247 Tucker Points Suite 231
West Aaron, MO 19087",woodlauren@example.net,2022-08-17 14:50:43
37,6,Richard Moore,9849512.39,True,"7369 Stephanie Fields
Olsenchester, OK 09310",martinramos@example.com,2025-05-23 06:07:05
38,6,Kristen Hopkins,14098699.57,True,"739 Jenkins Mission
West Jamie, KY 78047",smithmichael@example.com,2024-09-05 02:33:04
39,6,Wendy White,13468147.22,True,"5322 Hunter Skyway
Lake Joshuaport, PA 24302",stephen42@example.com,2021-02-04 00:36:31
40,6,Mark Petersen,11440025.03,True,"09775 Thomas Road
Roblesmouth, MT 58929",michaeldawson@example.org,2021-09-19 17:06:26
41,6,Danielle Trevino,14041220.42,False,"21499 Anderson Plains
Danielmouth, CA 76656",eboyd@example.org,2020-11-22 07:55:31
42,6,Benjamin Cox,9049638.03,False,"04540 Davis Spring Suite 550
West Melissahaven, WI 50307",andersonstacey@example.com,2024-04-03 04:08:33
43,6,Patrick Armstrong,13010993.52,True,"USCGC Ross
FPO AE 75128",ayoung@example.org,2021-05-23 02:39:51
44,6,Stephanie Frank,10209231.06,True,"USCGC Burton
FPO AP 73245",dalton23@example.net,2024-12-09 17:03:44
45,7,Tracy Myers,12282485.93,True,"371 Peggy Brook Apt. 749
Port Alexanderhaven, ND 61768",kenneth20@example.net,2023-08-28 06:57:08
46,7,Terri Burton,14505509.7,True,"450 Lisa Inlet Suite 335
Levineton, MI 60269",ashley80@example.org,2023-09-27 01:36:37
47,7,Mary Buchanan,12465828.44,True,"035 Stone Square Apt. 805
Port Catherine, SD 93971",robert59@example.com,2021-12-30 00:01:10
48,7,Whitney Parker,10533247.79,False,"USS Mcgrath
FPO AA 22660",lopezcasey@example.org,2024-11-18 06:58:17
49,7,Shannon Andersen,14656781.87,False,"1531 Blake Lane
Port Robertchester, ME 95468",fosterjames@example.org,2025-06-13 15:47:34
50,7,Blake Espinoza,14909721.67,True,"4335 Charles Mall
East Meredithberg, TN 51515",robertsalexander@example.org,2020-03-01 13:03:29
51,7,Jeremy Taylor,10457311.9,True,"78465 Randall Corner
Lake Anthonystad, ID 67622",xwilliams@example.org,2024-02-13 11:11:00
52,7,Nancy Solomon,10695336.6,False,"6760 Erika Shores
Holtfurt, VA 88171",tcruz@example.com,2024-01-30 22:27:23
53,7,Dawn Finley,13296947.38,True,"284 Dawn Run
Johnsonberg, PA 59256",christopherpace@example.com,2020-10-20 01:29:36
54,7,Danielle Jones,13257534.87,False,"511 Collins Knolls
Deborahport, AS 70118",mendozamichael@example.com,2020-12-17 17:55:14
55,8,Richard Gonzales,14519310.27,True,"2821 Brandi Ranch
East Matthew, MN 17654",rosenicholas@example.net,2025-02-11 07:46:16
56,8,Paul Palmer,14305187.65,True,"7262 Jennifer Stravenue Apt. 346
Port Teresa, IA 98279",bennettrose@example.net,2021-10-08 13:05:15
57,8,Christopher Flowers,11996143.91,True,"13387 Daniel Falls
Karenbury, MI 98740",owilson@example.com,2024-01-16 05:11:27
58,8,Jonathan Miller,14506473.44,False,"USS Baker
FPO AP 24446",eric06@example.net,2021-02-08 17:57:10
59,8,Scott Mendez,9087853.58,True,"4168 Johnson Mills
Elliottburgh, NH 43725",ureilly@example.com,2021-06-07 10:38:47
60,8,Donald Holder,14856671.84,False,"59352 Brittany Pine
South Christopher, CO 94776",dstanton@example.org,2021-12-31 18:19:38
61,8,Steven Holt,14850250.22,True,"05534 Smith Crescent
Jacksonland, KY 53877",caleb63@example.com,2021-03-27 14:25:46
62,8,Benjamin Rasmussen,13625743.56,True,"91505 Keith Mission
North Shanefurt, NM 54286",johngarrett@example.com,2022-12-04 22:58:28
63,8,Barbara Jones,10686448.16,True,"6517 Lisa Street Apt. 500
Gabrielborough, MT 74153",andrewmartin@example.com,2021-04-06 02:08:01
64,9,Lynn Morgan,13210195.13,True,"0077 Smith Alley Apt. 443
Dustinburgh, DC 72208",duncanalyssa@example.net,2024-07-31 08:57:28
65,9,Ashley Berry,14501891.32,True,"7755 Miller Greens
North Jonathan, IN 01270",tfitzgerald@example.org,2020-02-08 02:44:07
66,9,Anthony Jackson,13994037.54,True,"937 Mary Camp Apt. 339
South Vincent, NJ 55191",angelaturner@example.net,2023-01-28 07:04:14
67,9,Dr. Carrie Bailey,12137099.14,True,"36732 Campbell Oval Apt. 139
Williamsbury, SC 99280",leemullen@example.com,2021-04-09 06:31:33
68,9,Amy Carter,9388979.34,False,"97262 Amanda Viaduct Apt. 692
West Thomasberg, KS 65536",liujessica@example.com,2023-08-06 04:40:26
69,9,Lindsay Stephens,11566239.29,False,"0577 Joseph Light
Charlesmouth, MA 30515",qhanna@example.net,2023-06-03 04:26:03
70,9,Krystal Meyer,13786541.84,True,"100 Prince Crossroad
Josephfurt, WV 79933",amber44@example.org,2022-04-12 20:17:18
71,9,Joel Barnett,13944829.84,False,"51159 Hannah Place
Port Julianside, CT 34869",amy54@example.com,2024-09-27 18:27:23
72,10,Dawn Allen,10913444.65,True,"USNS Chavez
FPO AA 19753",gtaylor@example.org,2021-10-02 18:22:03
73,10,Brandon Nguyen,12148062.99,True,"8269 Anthony Mill Suite 050
Mariahport, VT 57025",wpeterson@example.org,2020-03-25 13:23:59
74,10,Heather Neal,10207249.4,True,"07492 Ramos Row Apt. 157
South Annaland, NJ 51233",pjames@example.com,2023-08-08 05:36:09
75,10,Caroline Macias,9856881.65,False,"109 Daniel Springs
East Karen, DC 54881",bowersjessica@example.net,2024-04-19 21:06:58
76,10,Rachel Davidson,12488062.47,True,"48523 Simon Flats Apt. 652
Benjaminfurt, MT 77014",brookenorton@example.org,2023-09-23 02:10:20
77,10,Leah Boyd,11712781.09,False,"89158 Morris Vista
South Erintown, HI 01420",dberry@example.com,2021-09-03 00:57:45
78,11,Charles Hill,10393244.25,True,"9543 Simon Park
South Angelbury, NJ 88919",shawn81@example.org,2021-04-25 19:58:33
79,11,Crystal Cobb,10815686.05,True,"77794 Christopher Run
East Angelafort, DC 26380",lisa89@example.com,2021-08-29 16:41:24
80,11,David Clements,11590176.76,True,"49482 Taylor Ferry Suite 318
Hallshire, IA 25865",ybrooks@example.com,2021-06-18 21:36:04
81,11,Ronald Alexander,12510086.71,False,"86336 Roberson Knolls Suite 702
Warnerberg, PR 71483",jonesveronica@example.org,2022-04-13 14:38:53
82,11,Gabrielle Taylor,11492152.9,False,"48503 Malone Groves
West Angelabury, MH 64070",heatherwatson@example.com,2021-07-08 01:51:41
83,11,Daniel Chavez,13741015.81,False,"9902 Kimberly Avenue Apt. 475
Elliottton, MH 92383",stephaniemiranda@example.net,2024-03-10 02:53:53
84,11,Tonya Arroyo,14374557.69,False,"0403 Todd Junction Apt. 668
New Janetville, MP 99731",zacharyvelazquez@example.org,2024-09-21 13:26:49
85,12,Cindy Wright,14114437.61,True,"5123 Evans Wall Apt. 197
West Williambury, GU 06289",ramirezpaul@example.net,2021-12-01 22:25:15
86,12,Amy Paul,11030535.06,True,"PSC 7158, Box 1828
APO AE 13114",pcarter@example.net,2021-09-06 02:23:50
87,12,Deborah Garcia,11873082.76,True,"USNV Conley
FPO AE 02019",whitepatrick@example.com,2020-12-17 15:02:25
88,12,Cynthia Williams,11208994.91,True,"Unit 4216 Box 8204
DPO AP 81522",emmawilliams@example.com,2022-06-30 02:00:43
89,12,Rebekah Williams,9766239.11,True,"76771 Rose Ville
New Holly, NE 29940",jennifer22@example.com,2021-01-25 20:47:29
90,12,Hunter Dillon,14975368.96,False,"7926 Smith Meadows
New Toddmouth, MI 73394",alisonnicholson@example.com,2022-05-18 01:10:41
91,12,Dakota Morrison,12288200.0,True,"5963 Erin Ranch Apt. 979
Lake Randall, KY 95017",peter29@example.com,2021-06-03 08:30:40
92,12,Mrs. Angelica Mendez,11145361.42,True,"37232 Jackson Drive Suite 733
North Adrian, CO 96156",peggysingh@example.org,2023-05-13 16:05:29
93,13,Darrell Harper,11765072.79,True,"677 Ashley Drive
West Erica, IL 72587",david95@example.org,2024-08-07 19:12:56
94,13,Tiffany Kim,11929605.99,True,"PSC 5762, Box 4412
APO AP 26126",lisagarcia@example.org,2020-04-14 08:25:17
95,13,Angela Gilbert,11261965.3,True,"6239 Cooper Inlet
West Michael, PR 75375",lonniejohnson@example.com,2021-11-14 18:52:01
96,13,Harold Freeman,11074152.33,True,"23639 Lisa Knoll
New Brandon, NH 65470",whitakerdanny@example.org,2025-02-04 10:49:54
97,13,Chad Clark,12807524.64,True,"5802 Stephanie Vista Apt. 608
Perkinsborough, MP 87541",haneysusan@example.com,2022-02-25 20:20:49
98,13,Michelle Foster,10802037.64,True,"43476 Solomon Streets
Johnfurt, AK 98133",williamsamber@example.com,2021-11-26 12:42:26
99,13,Tara Brown,10330515.59,False,"39179 Anthony Station Apt. 178
Jenniferton, LA 47294",fgaines@example.org,2024-06-18 02:00:36
100,14,Vanessa Turner,9252293.01,True,"32710 Bender Station
North Andrew, MO 13691",jeremiah08@example.com,2021-08-06 14:41:49
101,14,Alejandro Adams,9681316.81,True,"919 Rivas Camp
Kimberlyside, TN 72900",andrewhouston@example.com,2024-03-11 21:12:05
102,14,April Robles,10953443.33,True,"746 Jones Court Apt. 846
Anthonyton, LA 44178",qfigueroa@example.net,2021-03-21 20:48:18
103,14,Patrick Gonzalez,13325987.95,True,"301 Thomas Heights
East Jennifer, AK 01602",dkelly@example.net,2023-05-16 02:57:23
104,14,Laura Cole,14893587.62,True,"406 Burnett Mountains
Lake Melissamouth, WA 25861",lmccann@example.org,2023-11-16 17:45:40
105,14,Gregory Gonzalez,13789552.0,False,"28675 Zachary Key Apt. 873
East Vickie, MA 11620",jacksonkaitlyn@example.org,2024-05-04 00:44:21
106,15,Mary Molina,12856344.31,True,"415 Yvonne Coves Apt. 027
Mistyberg, OH 34690",kcarlson@example.net,2023-03-24 20:26:24
107,15,Richard Morgan,10708509.06,True,"772 Yates Alley
Leachview, WY 14966",cparks@example.org,2023-02-04 00:04:06
108,15,Sarah Nelson,10727279.14,True,"02955 Spencer Divide
Deannastad, MD 11773",scottlong@example.com,2022-03-13 08:51:15
109,15,Paul Rogers,9617404.27,False,"4740 Timothy Plain Apt. 366
Hodgefort, WV 01507",james80@example.org,2025-04-03 13:09:27
110,15,April Hale,10269798.0,True,"96818 Joy Courts
East Jason, ME 30952",atkinsonmichelle@example.com,2021-03-19 19:45:05
111,15,Robert Harrison,12641981.91,True,"06039 Wanda Path Suite 045
North Marthamouth, KS 80478",michaelschmitt@example.net,2024-11-30 08:17:06
112,16,Jill Benson,11171962.78,True,"976 Delacruz Courts Suite 865
West Joseph, OH 46706",brandonmyers@example.com,2023-05-04 22:25:45
113,16,Patricia Williams,13373465.11,True,"9580 Morris Roads Suite 998
East Jessicaport, AZ 79223",twoodard@example.net,2020-08-01 23:58:41
114,16,Kristin Mcdonald,10693032.34,True,"21070 Richard Creek Apt. 723
Lake Pamela, NM 02608",leethomas@example.com,2025-08-07 19:36:17
115,16,Joshua Roman,11298636.74,False,"48236 Darlene Roads
Wallaceberg, IL 93327",jonathan54@example.com,2022-04-17 16:59:22
116,16,Robert Murphy,9569495.97,True,"39265 Robert Skyway
Michaelstad, MA 69157",johnsonmichael@example.net,2020-07-01 22:46:52
117,16,April Hicks,12341580.63,False,"10941 Watkins Drive Apt. 643
West Christophertown, MH 72459",cthompson@example.com,2024-11-16 19:09:44
118,16,Mark Larsen,10107318.84,True,"79982 Thompson Forest Suite 274
Waltersfurt, FL 42286",kristengolden@example.com,2024-08-03 13:43:32
119,16,Tyler White,10994022.43,False,"26822 Jennifer Mews Suite 565
Janeburgh, MT 19458",justin44@example.com,2025-05-31 00:48:25
120,17,Debra Ortega,13065422.95,True,"35233 Kline Gardens Suite 806
East Karlberg, CO 69087",stonemeredith@example.com,2021-02-19 09:29:04
121,17,Darren Copeland,13116233.7,True,"0088 Wilson Point Apt. 875
Churchview, AS 19181",jdudley@example.org,2020-09-15 01:06:53
122,17,Lindsey Lamb,11743434.05,True,"3519 Bradley Springs
Tyronefurt, OR 28555",tkent@example.net,2024-12-03 13:25:11
123,17,Donna Keller,10366563.01,False,"8370 Morgan Forest Apt. 606
Port Amymouth, KS 43370",salazarzachary@example.com,2023-01-31 18:47:22
124,17,Cathy Bell,9601522.33,True,"8690 Peter Burg
West Ruthview, ME 36665",benjaminhughes@example.com,2024-09-05 20:56:45
125,17,Steve Rubio,10610789.42,False,"141 Vargas Vista
Samanthaburgh, WV 97580",abigail48@example.org,2021-10-01 04:31:56
126,17,Sarah Reyes,10596221.97,True,"PSC 3427, Box 0246
APO AP 98775",hallcourtney@example.com,2020-07-05 16:40:28
127,17,Matthew Hughes,13326156.79,True,"01500 Sullivan Port Apt. 965
Daniellehaven, AR 86775",snydersheila@example.com,2021-07-25 11:29:22
128,17,Megan Washington,9251356.62,True,"490 Kerr Trace Suite 143
South Sandra, ID 47604",hernandezdustin@example.net,2020-04-02 06:41:07
129,18,Ian Humphrey,11441133.54,True,"831 Booth Knolls
Ellisview, MA 85598",cjones@example.org,2020-08-03 13:20:20
130,18,John Long,14452768.04,True,"21253 Martha Inlet Suite 035
Matthewstad, DC 67258",pgutierrez@example.org,2020-03-17 20:23:28
131,18,Mr. Jason Murphy,10526248.97,True,"2610 Underwood Bridge Suite 735
East Martha, UT 78866",phillip26@example.org,2023-12-20 12:57:06
132,18,Susan Roberts,12993351.56,False,"220 Jones Field Suite 106
Diaztown, WI 29881",jenniferwoods@example.com,2024-04-02 12:12:08
133,18,Matthew Arnold,14810688.25,True,"4384 Philip Branch
Riosborough, WA 02939",elizabethhanson@example.com,2021-02-11 09:49:28
134,19,Danny Mack,9092718.02,True,"3287 Kevin Parks Suite 348
Davisfort, MS 36870",johnnymoore@example.com,2025-06-02 07:41:50
135,19,Frederick Gonzalez,9309577.91,True,"897 Vincent Burg
North Douglas, ID 00525",fowlertodd@example.com,2022-04-02 18:58:10
136,19,Elizabeth Ramos,14239059.56,True,"4174 Hanson Common Apt. 691
Christophermouth, HI 76681",daniellefox@example.org,2024-09-09 12:10:46
137,19,Jose Garcia,12527414.24,True,"270 Aguirre Highway
South Ashleyhaven, MA 56158",aryan@example.org,2021-01-19 20:09:17
138,19,Jennifer Brown,11678845.63,True,"2929 Simpson Ranch Suite 413
Stoutmouth, WI 58874",smithglen@example.net,2021-10-05 05:12:55
139,20,James Mcneil,10408463.95,True,"70774 Marsh Lane Apt. 438
Rossland, AS 57248",ssmith@example.net,2020-09-26 18:09:41
140,20,Lori Zimmerman,10526265.31,True,"5001 Daniels Cliffs
Barneston, ND 47268",troy68@example.org,2020-10-05 12:26:36
141,20,Tammie Goodman,9993238.23,True,"2496 Philip Fort Apt. 810
New Joshuashire, LA 48332",molly34@example.net,2022-12-21 21:59:32
142,20,Colin Greene,13984559.73,True,"1198 Greene Shores
Lisamouth, MS 79666",duncancorey@example.com,2021-09-21 00:45:15
143,20,Thomas Hart,10829476.75,True,"35978 Rebecca Views
Matthewstad, WA 30604",jason89@example.net,2021-01-07 02:33:14
144,20,Eric Cook,14057512.59,True,"855 Martin Islands
North Brian, OH 68170",ruizbianca@example.com,2023-10-08 03:58:46
145,20,Robert Turner,11680503.71,True,"1446 Harrell Fords Suite 137
Smithtown, WV 65088",hmorales@example.net,2020-04-22 09:31:12
146,20,Margaret Moses,14007984.61,True,"77742 Mason Trail
South Grant, KY 60101",timothy40@example.com,2024-02-22 13:09:22
147,21,Harold Santiago,12940300.74,True,"Unit 7409 Box 7495
DPO AA 79136",lpalmer@example.org,2023-05-11 15:12:36
148,21,Sara Nguyen,13119304.48,True,"457 Timothy Ford
Joshuachester, LA 28834",simpsonbrandon@example.com,2020-01-07 03:00:23
149,21,Darren Hayes,10749021.93,True,"9770 Nicole Ridge
Lake Gregoryberg, ND 97250",tiffanyshelton@example.net,2024-12-22 03:48:25
150,21,Ashley Smith,14976556.54,False,"Unit 9443 Box 1007
DPO AA 58799",eholder@example.org,2023-12-22 10:00:28
151,21,David Wheeler,13983324.77,True,"602 Natalie Locks
New Joshuaside, OR 76062",maxwellwesley@example.com,2020-07-27 14:03:29
152,21,Teresa King,13381423.31,True,"62873 Coleman Spring Apt. 390
New Kathrynhaven, WV 68654",nancy25@example.com,2022-07-31 09:07:21
153,21,Carolyn Jacobs,11044401.3,False,"595 Jacobs Way
Marieshire, UT 76014",kathymartinez@example.net,2020-07-11 20:07:03
154,21,Emily Lopez,10851059.62,False,"Unit 0405 Box 0728
DPO AA 08306",joseph37@example.com,2024-05-14 06:41:19
155,22,Zachary Graves,13422294.87,True,"97681 Watson Plain Apt. 567
South Christopherberg, MD 74577",anthonyjames@example.org,2022-01-03 05:42:36
156,22,Alexis Sanchez,12397582.85,True,"3015 Harris Hill
Port Marcus, OK 62773",john96@example.net,2022-10-30 17:58:51
157,22,Michael Hansen,13389537.75,True,"0479 King Ports Apt. 231
Smithburgh, AK 98522",mariajacobs@example.org,2024-06-23 21:04:48
158,22,Kristin Phillips,13531802.05,False,"PSC 8845, Box 7011
APO AA 79657",renee78@example.com,2020-02-13 01:13:07
159,22,Kelly Kelly,12677111.5,False,"8189 Walsh Streets Suite 872
West Jessicatown, WI 71451",millermargaret@example.net,2020-11-27 17:21:53
160,22,Kevin Rodriguez,10284056.52,True,"32921 Davis Extensions Suite 746
Romanland, PR 89486",smithsamantha@example.com,2021-04-19 15:39:53
161,22,April Gillespie,10817567.72,True,"198 Dawson Ways Suite 776
West Shelia, DE 48986",rharris@example.net,2022-03-27 17:01:04
162,22,Kathryn Gonzalez,13984146.88,True,"PSC 6827, Box 1298
APO AA 83381",fcarrillo@example.com,2021-12-05 17:25:23
163,22,Michelle Pruitt,14585565.78,True,"Unit 7076 Box 2278
DPO AP 19516",kristopher10@example.com,2020-06-25 05:48:40
164,22,Todd Ferguson MD,9992005.9,True,"26901 Gabriela Cliff Apt. 817
Duranfurt, SC 83280",hudsonjessica@example.org,2021-05-24 21:19:54
165,23,Abigail Mckinney,9016265.84,True,"7257 Andrew Parkways
Mendozafurt, CT 07382",meredith64@example.com,2020-09-11 19:03:13
166,23,Andrew Dickson,14327056.92,True,"5850 Dylan Mount
Duranbury, ID 16983",andrew46@example.com,2020-02-22 07:55:38
167,23,Ann Castaneda,10128534.32,True,"14923 Medina Course
Joshuafurt, WV 00901",johnsmith@example.net,2024-01-02 17:14:46
168,23,Brittney Evans,10719343.88,True,"548 Taylor View
Andersonberg, RI 38928",mary87@example.com,2024-05-15 13:00:09
169,23,Stephanie Rasmussen,13047422.37,True,"0481 Brown Via Suite 191
North Rachelton, WI 61292",patrickbenson@example.net,2024-01-29 16:20:38
170,23,Angela Scott,9856836.74,False,"961 Bradshaw Estate Suite 887
North Lynnberg, MP 65491",millerjohn@example.net,2024-08-09 06:32:24
171,23,James Burns,10013695.14,False,"7348 Long Place
North Anthonymouth, OK 61903",ypatton@example.com,2024-02-08 06:49:29
172,24,Kimberly Morgan,9126278.18,True,"USS Good
FPO AP 81963",hgross@example.org,2020-12-22 14:51:07
173,24,Zachary Patel,11432051.26,True,"3028 Clark Cape Suite 726
New Timothy, AR 98565",mhammond@example.com,2023-08-17 13:11:20
174,24,Tami Moore,10728694.38,True,"920 Angela Prairie
Port Mark, IN 74022",xsmith@example.org,2021-04-11 06:11:20
175,24,Adam Evans,12833460.09,False,"Unit 5825 Box 8614
DPO AE 26339",riley06@example.org,2023-03-26 05:17:32
176,24,Larry Taylor,13913680.5,True,"93504 Ingram Mission Apt. 630
East Aliciastad, WV 22820",christopher23@example.org,2023-12-02 15:14:30
177,24,Derek Haley,12088467.18,True,"939 Jason Dale
Lake Raymond, PA 39486",qholland@example.org,2024-01-22 00:23:46
178,24,Jason Moore,14978248.4,True,"0810 Kelly Station
Schneiderstad, VT 49620",christinehowell@example.org,2022-10-26 00:49:17
179,24,Manuel Miller,14041198.64,True,"2478 Martin Courts
East Felicia, AZ 50123",barnesjeffery@example.net,2024-06-01 16:01:06
180,24,Joseph Nelson,9297763.02,True,"12133 Jody Mountain
Michaelport, KS 59135",clarkmichelle@example.net,2022-11-23 08:42:25
181,25,Morgan Young,10874935.28,True,"033 Nicole Road
Danielleport, NV 50376",stoneamanda@example.net,2024-11-20 20:31:59
182,25,Natalie Payne,11413181.87,True,"393 Mitchell Underpass Suite 237
Gloriamouth, MO 11204",alicehansen@example.com,2024-02-23 15:28:57
183,25,Andrew Hayes,14065835.37,True,"80934 Oconnell Road Apt. 678
East James, AL 11474",ujones@example.org,2020-07-12 16:59:40
184,25,Barbara Sawyer,13357554.57,True,"1783 Joel Shoals
Seanport, VT 03188",hlivingston@example.com,2024-12-06 01:16:40
185,25,Arthur Parks,14203112.53,False,"35954 Leslie Park Apt. 519
Lake Elizabeth, ME 31517",perryemily@example.org,2021-10-09 12:19:33
186,25,Gregory Ortiz,12039244.24,False,"8532 Charles Road Apt. 905
New Michael, MO 60272",kristinajohnson@example.net,2024-07-19 21:51:50
187,25,Jessica Ross,9253840.91,True,"03677 Christina Stravenue Apt. 565
South Jennifer, MD 73666",tammy22@example.org,2021-09-23 22:06:28
188,25,Shawn Arnold,9765028.53,False,"593 Richard Road Apt. 212
Nancyside, GA 19303",karen49@example.net,2024-02-22 05:36:11
189,25,Nancy Morales,9918540.12,False,"PSC 9848, Box 6470
APO AA 56469",barbaracasey@example.com,2023-08-30 11:10:46
190,25,Sean Booth,9447548.21,True,"100 Payne Cliff Apt. 240
Port Beth, AL 44202",shane46@example.net,2021-06-15 06:26:21
191,26,Thomas Lee,12097753.01,True,"91188 Beck Islands
Stephaniemouth, GU 99670",phillipsjulia@example.com,2023-12-01 10:01:59
192,26,Jessica Grant,14416711.53,True,"274 Megan Station
Smithberg, ID 82895",johnvelasquez@example.com,2025-07-23 09:29:55
193,26,Corey Baker,14637978.07,True,"6460 Aguilar Prairie Apt. 830
Hensleyfurt, MS 77263",qhoward@example.org,2021-08-16 18:24:04
194,26,Louis Decker,14390227.37,False,"8114 Williams Gateway
Myersstad, CA 65956",montgomerybarbara@example.org,2025-03-14 15:45:40
195,26,Lori Rodgers,10588751.5,True,"54010 Gregory Meadow
Port Lindafort, IA 49061",joseph98@example.net,2020-07-19 16:12:59
196,26,Mark Davis,12350322.22,True,"324 Gabriella Trafficway
Huffland, WY 18826",baileyamy@example.com,2020-07-13 11:17:15
197,27,Michael Burke,9677566.99,True,"9979 Skinner Port Suite 630
Keithside, IA 38323",briandaniels@example.com,2024-04-09 00:21:30
198,27,David Horton,14036937.21,True,"201 Kemp Camp Suite 684
North Donald, WA 95548",mileskaren@example.org,2022-09-03 13:58:26
199,27,Joshua Roberts,13914047.64,True,"1917 Smith Viaduct Apt. 164
Kathrynshire, MH 39946",zjacobs@example.com,2021-08-11 19:25:22
200,27,Wendy Moore,9950893.56,False,"229 Austin Lane
Pattersonfurt, NC 81588",seth23@example.net,2024-03-02 18:55:25
201,27,Amanda Mann,9535060.04,True,"4988 Perry Fields
Goodhaven, CO 76607",jordandavid@example.com,2025-06-04 09:18:34
202,27,Joshua Jordan,9683017.95,True,"15251 Michael Ridges Apt. 866
Port Lisa, MO 42237",thompsonlori@example.org,2020-04-15 20:56:52
203,27,Randall Smith,14351213.96,True,"846 Scott Streets
Carrilloshire, IL 06448",currymatthew@example.org,2024-04-18 15:17:37
204,28,Sharon Lindsey,13743697.41,True,"166 Alexander Tunnel Suite 271
Andreamouth, FL 73120",joseph25@example.net,2022-02-23 19:47:57
205,28,Tina Moses,11503165.85,True,"75345 Susan Drive
East Chase, SD 26713",sharon50@example.org,2024-10-19 18:23:12
206,28,Jeffrey Cunningham,13999553.33,True,"6770 Erika Oval Suite 941
Lake Michaelstad, NM 27565",zwoods@example.org,2020-07-01 14:01:40
207,28,Melissa Bailey,13893470.27,False,"3428 Aaron Rapids
Barnesview, MI 86969",leonbilly@example.org,2020-10-20 09:15:09
208,28,Stacy Wilson,11759157.08,True,"84675 Hinton Turnpike
Lowemouth, WA 22723",armstronglindsay@example.com,2022-05-13 05:50:23
209,29,Mary Tyler,14598342.38,True,"6524 Jackson Throughway Apt. 303
Pachecomouth, VA 09313",monicadavid@example.org,2025-05-05 23:32:42
210,29,Tyler Burgess,12386491.31,True,"4562 Zachary Walks
Port Maureen, AS 74915",xallen@example.org,2022-10-06 23:00:33
211,29,Brian Durham,10267656.44,True,"012 Jennifer Key
Port David, DE 34587",ashley68@example.org,2022-02-25 21:22:48
212,29,Mrs. Lisa Knox,11988983.3,True,"2360 Lynn Stream
Reedport, CA 67087",cathytaylor@example.net,2022-03-27 21:50:03
213,29,Eric Sutton,11333258.31,False,"837 Susan Lakes Apt. 677
New Charles, HI 56933",eduardo92@example.net,2024-03-14 14:48:11
214,29,Jennifer Schwartz,9897420.35,False,"010 Kathleen Manors Suite 787
Victoriahaven, VI 19454",darlenewhite@example.com,2024-04-11 20:35:27
215,29,Kendra Lawrence,11851102.8,False,"23035 Joshua Haven
Port Stacey, VT 18411",allison99@example.com,2020-02-15 01:38:52
216,29,John Mcdowell,14106327.87,True,"533 Mitchell Manor Apt. 653
Collinview, IL 74195",billy54@example.net,2025-01-26 23:41:28
217,30,Jordan Murphy,12594106.24,True,"0798 Brenda Motorway
New Christopherborough, OH 35927",hardyevan@example.com,2024-08-03 03:38:01
218,30,Tyler Nunez,13719835.31,True,"510 King Roads Suite 347
Villegasville, WY 80636",reillyamy@example.com,2021-06-24 16:39:46
219,30,Martha Martinez,9700339.52,True,"495 Nancy Course Suite 612
Bryanville, SC 55159",tfry@example.org,2020-08-27 12:32:20
220,30,Dawn Davis,11644293.31,True,"0136 Burnett River
Salazarberg, NH 30717",treed@example.net,2025-06-27 15:31:39
221,30,Anthony Williams,10059670.69,False,"281 Strickland Vista Apt. 764
South Erinville, OK 92781",kimobrien@example.org,2025-03-20 21:00:37
222,30,Michael Kelley,10680594.99,True,"44466 Nicholas Fords Suite 396
Scottburgh, NE 68846",alyssa31@example.com,2022-11-26 15:28:09
223,30,Alyssa Wang,14659493.93,True,"8166 Kelli Locks
East Brenda, KY 39596",bkhan@example.net,2020-04-30 21:51:55
224,30,Richard Murray,9667970.02,False,"469 Matthew Camp Apt. 469
Port Richardville, SD 76431",kennedybrian@example.org,2021-05-01 20:27:17
225,30,Stephanie Williams,11953047.32,True,"0331 George Park Apt. 397
East Darrylton, VA 78454",vreyes@example.net,2020-02-18 07:05:11
226,31,Joseph Scott,9744923.45,True,"68481 Allison Port
Leebury, MO 06308",rosariodarren@example.com,2023-10-31 21:39:33
227,31,Charles Crosby,12423560.5,True,"4648 Wiggins Squares
Davisfurt, ME 74903",meyerandrew@example.net,2023-03-26 00:01:01
228,31,Spencer Lyons,12306459.08,True,"5121 Olivia Cliff Suite 447
Donnabury, WV 41293",rodriguezerica@example.org,2022-06-20 04:21:55
229,31,Deanna Garcia,13918297.81,True,"47621 Miller Stravenue Suite 601
Lake Thomas, VI 41402",perezmary@example.net,2022-08-26 20:22:15
230,31,Brooke Nicholson,14992653.39,False,"919 Robert Expressway
North Daniel, NM 53500",greenkrystal@example.com,2023-09-26 14:12:39
231,31,Joel Burnett,12288194.22,False,"5699 Wood Ridges Apt. 433
Williamsside, FM 56124",taylorjohnson@example.com,2020-10-24 18:11:05
232,32,Emily Green,10350204.91,True,"26273 Sanchez Squares
South Deborahfort, NE 43627",alfred65@example.net,2021-01-25 21:01:20
233,32,Alexis Johnson,9192645.83,True,"818 Jessica Extensions Suite 166
Lynchshire, MN 70870",xortiz@example.org,2022-08-21 15:47:08
234,32,Melanie Fisher,10656693.69,True,"4820 Jones Vista Suite 010
North Craig, NY 27213",thompsoncarla@example.net,2024-12-11 13:01:58
235,32,Crystal Fisher PhD,12774845.11,False,"7073 Walton Plains Suite 461
Tonyaburgh, ME 35727",brittany59@example.org,2024-08-20 06:42:48
236,32,Dawn Johnson,9851160.8,False,"950 Oconnor Parks Apt. 216
Elliottport, NY 71648",gnavarro@example.com,2023-06-25 08:54:31
237,32,Reginald White,14074400.44,True,"024 Humphrey Garden Apt. 436
New Kariside, ND 33533",dominiqueramirez@example.net,2024-06-14 00:18:41
238,32,Craig Noble,13592245.94,False,"USCGC Sanchez
FPO AE 86688",rodriguezjennifer@example.net,2021-06-03 11:49:07
239,32,Jonathan Walsh,13660614.77,True,"824 Li Heights
Jenningsland, NJ 33021",bassanthony@example.org,2024-01-03 11:42:09
240,33,Amy Maynard,13497077.0,True,"10956 Davis Station Suite 221
Tatemouth, TN 05212",savannah55@example.com,2020-07-02 12:56:24
241,33,Maria Hobbs,12604430.3,True,"USS Smith
FPO AP 68418",qbutler@example.com,2023-11-14 03:45:34
242,33,Casey Green,13458346.05,True,"Unit 1295 Box 4441
DPO AA 87409",elizabeth18@example.net,2020-11-24 15:01:32
243,33,Sarah Rice,11517836.69,False,"15050 Jimmy Court Apt. 171
Johnchester, MH 32185",lsloan@example.org,2021-02-06 17:40:43
244,33,Marissa Anderson,13003319.0,True,"19535 Jeffrey Greens Suite 942
Tinamouth, NH 43705",tmendez@example.net,2025-05-08 05:02:28
245,33,John Harper,10919497.84,False,"14630 Ware Way
Yatesburgh, AR 92329",blopez@example.net,2020-12-07 13:31:54
246,33,Mark Smith,13637040.07,True,"3758 Elizabeth Ferry Suite 186
Gibsonport, RI 05294",sullivanmark@example.com,2021-05-09 19:04:37
247,34,Michael Dickerson,14021637.89,True,"397 Schroeder Valleys
North Bethany, IL 43369",smithariel@example.com,2020-04-28 22:29:54
248,34,Philip Russo,13535314.57,True,"163 Melissa Forks Suite 030
Kimberlyfurt, KS 72794",michaela79@example.com,2024-07-24 04:33:42
249,34,Jodi Schneider,13964595.48,True,"PSC 8864, Box 5459
APO AA 25084",cwalker@example.net,2023-01-08 14:39:43
250,34,Isaac Archer,14148583.88,True,"9627 Melinda Light
Melissachester, MI 62473",hamiltonbrian@example.net,2025-04-15 18:58:32
251,34,Rachel Moreno,9811507.87,True,"20272 Ortega Common Suite 283
Lake Morgan, OR 45638",dustin80@example.net,2021-07-02 16:48:04
252,34,Angela Allen,14368770.48,True,"186 Rice Ford Apt. 696
South Joshuaberg, CT 36807",qharrell@example.org,2022-11-10 13:58:07
253,34,Amber Sanchez,14886727.06,False,"173 Sanchez Viaduct
Davidmouth, SD 11530",mirandachapman@example.net,2022-11-24 18:30:20
254,34,Melissa Baldwin,11122237.56,False,"37578 Hamilton View Suite 769
North Michaelview, NV 41648",lking@example.com,2021-10-03 06:11:26
255,34,Maria Martin,11981494.98,True,"4498 Gonzalez Unions Apt. 061
Jonesville, NE 37435",iwilliams@example.net,2021-04-29 21:34:12
256,35,Sara Rivera,12572121.89,True,"54824 Campbell Harbor
Douglasfurt, AL 18003",zross@example.com,2025-06-05 15:02:21
257,35,Charlene Young,11418282.25,True,"823 Hall Course
South Sheri, FL 79387",krobinson@example.org,2024-12-05 15:16:02
258,35,Charlene Johnson,14169251.42,True,"582 Lawrence Lodge Suite 247
Levyfort, WI 20645",moorejoseph@example.com,2023-07-26 18:15:36
259,35,Joshua Patel,12664211.51,False,"18692 Julie Summit
North Jill, MI 49970",felicia67@example.com,2023-07-16 07:15:09
260,35,Lisa Ray,9754085.9,True,"5214 Amber Neck
Kathryntown, AR 30292",timothy34@example.com,2020-03-28 16:45:42
261,35,Alejandra Bryant,9354485.98,True,"083 Melissa Point
Gilmoreside, VA 13104",fanderson@example.com,2025-08-08 10:55:22
262,35,Allen Parker,9659507.64,True,"918 Morse Alley
Richardsstad, MA 77277",kathy08@example.net,2021-03-23 07:24:26
263,35,Steven Fields,9261418.18,False,"8400 Kevin Course Apt. 754
Jenkinshaven, GU 44240",qmcdonald@example.org,2021-06-17 15:18:36
264,35,David Stone,14470688.7,True,"047 Johnson Isle Suite 600
Amyland, TN 72435",brandonjohnson@example.org,2024-05-26 05:46:07
265,35,Phillip Walsh,11659261.32,True,"246 Mosley Streets Suite 105
East Donnaton, PR 79035",ellisonashley@example.net,2021-10-23 11:21:51
266,36,Diamond Booker,12607947.26,True,"1819 Richard Loop Apt. 125
West Elizabeth, CO 73422",yvelasquez@example.org,2023-09-10 20:49:22
267,36,David Bowman,9173438.81,True,"Unit 8301 Box 5368
DPO AP 34074",webermaria@example.net,2023-03-06 08:57:10
268,36,Ashley Smith,9771727.74,True,"6450 Kimberly Grove Suite 344
Jeffreyburgh, FL 17946",oliu@example.com,2022-09-29 00:39:39
269,36,Roger Robinson,13220133.17,False,"5361 Harrell Drives Suite 241
Thomasstad, AK 33858",wmendoza@example.net,2025-06-05 00:57:44
270,36,Aaron Harrison,11494303.22,False,"762 Shepherd Ports Apt. 367
Port Johnport, NY 22973",parsonsantonio@example.org,2023-01-09 16:57:28
271,37,Zachary Vance,14153984.8,True,"3899 Aguirre Road
West Allenfurt, SD 03532",jbond@example.org,2022-09-06 10:27:01
272,37,James Nielsen,9866266.44,True,"PSC 5352, Box 4066
APO AP 28846",timothynorton@example.org,2021-08-22 15:55:02
273,37,David Huff,9814700.08,True,"04980 Michael Loaf Apt. 450
Danielmouth, GU 62972",fsmall@example.com,2020-10-14 12:37:43
274,37,Stephanie Saunders,10435821.36,True,"34085 Jim Plaza Apt. 975
South Elizabeth, AL 31012",diazmark@example.org,2021-11-28 19:48:03
275,37,Dawn Williams,9704443.51,False,"7145 Lopez Mountain Apt. 257
West Johnshire, NC 13503",gregorymargaret@example.com,2022-03-25 05:57:00
276,37,Cody Russell,9613976.13,False,"5352 Daisy Way Suite 003
North Todd, AS 62517",riosashley@example.com,2024-06-28 11:57:58
277,38,Jessica Sweeney,14848205.49,True,"148 Joseph Island
Joneschester, NH 79363",qflores@example.net,2024-02-19 04:58:28
278,38,Derek Taylor,12046668.19,True,"165 David Turnpike
Jamesbury, NE 20353",qcooke@example.org,2022-01-09 03:25:57
279,38,Christy Berry,12606658.39,True,"Unit 9328 Box 4635
DPO AA 94970",jennifer80@example.org,2025-04-17 06:32:31
280,38,Leslie Rodriguez,14951918.89,True,"1763 Gina Drive Suite 794
West Ricardo, TN 16494",toddstone@example.org,2021-06-08 11:28:39
281,38,Jillian Lane,10551623.61,True,"PSC 7194, Box 2038
APO AE 52013",misty98@example.net,2022-01-05 14:00:44
282,38,Lisa Bell,14179042.13,False,"496 Pierce Route
North Jamesfurt, DE 94460",clarkamanda@example.org,2024-06-27 05:56:02
283,38,Jose Kramer Jr.,9093207.53,True,"76975 Lane Fields
West Brittanyland, ID 33141",rachaelhall@example.org,2024-07-21 12:14:39
284,38,Barry Ramsey,9449040.04,False,"4419 Peter Unions
Hollandport, IL 93217",williamsveronica@example.net,2020-01-14 20:14:25
285,39,Christopher Mueller,10100392.22,True,"6209 Ralph Squares
North Brendamouth, DC 53654",tgibbs@example.com,2022-02-12 10:07:28
286,39,Cassandra Walker,12592718.2,True,"Unit 1981 Box 6084
DPO AA 79446",karenpayne@example.com,2021-05-28 22:47:45
287,39,Jay Martinez,9858416.25,True,"66849 Cisneros Fields Suite 988
Port Christopherside, VA 63789",dean65@example.org,2021-10-12 23:25:48
288,39,Michael Stevens,10619820.9,False,"0318 Kelly Dam Apt. 168
Lake Brian, AZ 48080",justinaustin@example.com,2024-08-19 10:20:02
289,39,Autumn Garcia,9412046.51,False,"05847 Huerta Highway Apt. 360
Lake Emily, TX 65296",chadmiller@example.org,2022-06-06 21:01:25
290,40,Shannon Burke,9659886.66,True,"36459 White Dam
Duffychester, FM 81209",gzimmerman@example.com,2021-10-13 05:59:07
291,40,Mr. Erik Williams,13841641.76,True,"7134 Berry Station Apt. 563
East Rhonda, PA 43146",ojones@example.org,2022-08-25 09:27:39
292,40,Ruben Reed,13438967.38,True,"9881 Thompson Mews Apt. 877
Guzmanmouth, MN 84596",greenechloe@example.net,2020-05-05 01:31:47
293,40,Jessica Nelson,12371210.98,True,"657 Cole Vista
Port Joseph, LA 44749",tiffany55@example.net,2020-08-30 21:30:00
294,40,Ashley Lucero MD,12809828.65,False,"2891 Richardson Port Apt. 162
Alexandriaport, DE 67177",nathanwatkins@example.net,2023-09-27 07:50:03
295,40,Dr. Nichole West DDS,13619617.5,True,"454 Jeremy Unions Apt. 106
Mccarthymouth, AL 69842",qroman@example.org,2023-09-11 15:12:08
296,40,Jimmy Thomas,9918899.31,True,"USNS Newman
FPO AE 38690",hford@example.org,2025-04-10 14:57:09
297,41,Nancy Hall,11433886.35,True,"2492 Nathan Locks
West Josephbury, KS 66564",bryandillon@example.org,2022-08-27 04:49:12
298,41,Christopher Nichols,14861718.4,True,"8876 Martin Radial Suite 463
Stephenmouth, KS 42257",mark46@example.org,2020-11-01 21:19:18
299,41,Stephen Levy,13021413.22,True,"662 Ramirez Springs
Courtneytown, MN 97889",hessbrianna@example.org,2024-06-25 14:37:10
300,41,Lisa Hill,10235935.84,True,"329 Brandon Crescent Suite 360
Gloverville, OR 04305",benjamingardner@example.net,2020-01-14 05:13:48
301,41,Colleen Prince,14014162.86,False,"29885 Miller Path Apt. 113
Cameronmouth, UT 71383",savagebrett@example.net,2024-10-08 17:58:40
302,41,Vanessa Hernandez,13962962.74,True,"777 Robinson Circle
Patrickmouth, TX 98868",tricia07@example.org,2025-02-20 21:04:14
303,41,Gabriel Matthews,12676710.56,False,"94696 Gary Cliff Apt. 745
North Heather, GA 61593",christinamcbride@example.org,2024-10-22 10:32:07
304,41,Annette Schultz DVM,14233978.22,True,"72561 Thomas Land
New Stephanie, OH 99232",yfleming@example.net,2024-12-22 09:26:45
305,41,Mark Campbell,13642481.57,False,"23547 Mario Locks
Port Alexandraland, ND 08429",dlee@example.com,2024-04-02 17:09:50
306,42,Alyssa Villegas,11914945.28,True,"2697 Braun Isle
Riverastad, PW 84446",brandtchristina@example.net,2024-04-11 03:27:14
307,42,Leslie Sanders,11134719.42,True,"6614 Gonzalez Greens Apt. 296
Anthonyton, MS 26654",kelly51@example.net,2021-12-20 08:57:26
308,42,Amy Fuller,10107072.32,True,"299 Hill Tunnel Apt. 761
Fullertown, CT 64281",jenniferwest@example.net,2022-05-13 11:53:37
309,42,Derrick Shaw,10721488.95,True,"2970 Pacheco Club
Lake Brittany, WY 71755",moralesjodi@example.com,2022-06-19 00:38:59
310,42,William Hull,11419497.46,False,"091 Joel Garden Apt. 247
South Sandra, CT 03892",kimpatricia@example.net,2020-06-22 21:46:59
311,42,Brandy Lee,12485444.94,False,"5529 John Motorway
North William, VT 35091",uali@example.net,2020-07-06 19:35:59
312,42,Jeremy Fry,13354923.02,False,"70148 Rivera Meadows Suite 008
East Karenberg, DE 26759",yjordan@example.com,2022-04-08 01:08:34
313,42,Kayla Brown,9653530.17,True,"81362 Greene Ways
Kennethborough, VI 14977",danielbrooks@example.org,2022-10-22 02:10:59
314,42,Stephen Rivera,12990601.73,True,"33066 Ryan Springs
Port Loganhaven, NH 45371",omartinez@example.net,2022-09-04 18:52:27
315,43,Earl Huber,9216864.07,True,"9586 Kelly Course Apt. 576
Murphyburgh, PA 95912",alvaradopeter@example.com,2023-02-09 07:10:58
316,43,Pamela Hodges,14368335.11,True,"74177 Howard Pike Apt. 878
South Williamview, AK 37515",emmahall@example.com,2023-02-15 12:12:28
317,43,Patricia Freeman,13250118.07,True,"924 Hawkins Park Suite 009
Kimberlymouth, AL 56346",huntyesenia@example.com,2022-03-14 00:37:12
318,43,Erica Terrell,11139556.83,True,"631 Davis Stream
South Robertmouth, DE 60653",wcurtis@example.net,2021-03-02 21:08:59
319,43,John Blair,12934854.29,False,"4628 Christopher Square
Lake Lauren, OR 51620",yrussell@example.com,2022-11-22 05:49:35
320,43,Dawn Thomas,13505513.07,False,"2655 Benton Union
Douglasville, GU 74524",taylorstephen@example.org,2020-06-13 13:42:28
321,43,Susan Lewis,11202678.8,False,"557 Jeremy Ford
Gonzalezberg, KY 18262",david11@example.com,2023-10-29 21:12:27
322,43,Michael Yates,9407722.14,False,"5921 Taylor Circles
North Chelseaburgh, MN 24646",rjackson@example.com,2023-04-08 06:06:08
323,43,Erin Sandoval,10996477.9,False,"5343 Barnes Isle Suite 192
East Michaelfort, WA 40834",qhuynh@example.org,2024-04-10 22:38:21
324,43,Melissa Sutton,14322616.28,False,"3457 Henderson Brook Apt. 897
South Gregoryville, GA 44738",haileyrobinson@example.com,2024-11-11 18:24:05
325,44,Lindsey Garcia,10082914.15,True,"1192 David River
Bushtown, DC 34247",nathanrodriguez@example.org,2023-10-28 02:16:19
326,44,Eric Williams,14080683.26,True,"USS Winters
FPO AA 03174",james15@example.com,2023-08-13 21:13:40
327,44,Donald Carter,11170174.52,True,"616 Phillips Turnpike Apt. 627
Wadefurt, NV 17825",fwhite@example.org,2022-05-01 06:54:26
328,44,Madeline Salas,13884711.24,True,"761 Rice Junctions
Tyronemouth, CA 82169",belindaherrera@example.com,2024-11-09 20:54:07
329,44,Justin Porter,10723173.12,True,"96862 Travis Ways
Lake Evelyn, MT 10676",april57@example.net,2020-06-22 12:12:19
330,44,James Washington,13103646.04,True,"6480 Butler Stravenue
West Corey, SD 02896",benjamin10@example.net,2020-11-08 22:22:36
331,45,Shawn Stevens,13423334.05,True,"659 Steve Plains Apt. 569
Robertoview, CA 20122",gentrysusan@example.org,2022-04-07 11:43:17
332,45,Nicole Watts,12165510.64,True,"254 Heather River Suite 395
Benjaminshire, MS 04840",wendywhite@example.net,2020-12-10 00:28:33
333,45,Patty Russell,14351966.46,True,"229 Meadows Fields Apt. 096
Jacobsonton, ME 85578",teresa52@example.net,2021-05-22 00:12:07
334,45,Brandon Pena,11072853.71,True,"458 Kevin Burgs
Port Shannon, SC 98885",michelle44@example.com,2023-10-05 03:02:17
335,45,Angela Calderon,10707125.0,True,"310 William Parkways Suite 280
East Robinshire, FL 79656",ebony35@example.net,2023-02-16 08:41:17
336,45,Ariel Peterson,10567671.76,False,"6994 Nichols Shore Suite 825
East Donna, AK 48754",ihinton@example.com,2020-09-23 16:38:15
337,45,David Lee,9685509.21,True,"471 Stacey Circle Suite 069
Christensenmouth, OR 05531",martin69@example.com,2022-07-05 22:33:03
338,45,Shawn Harrison,12163489.85,False,"82350 Nelson Plains Apt. 783
Perezville, WA 45771",juliehernandez@example.com,2024-02-17 12:08:27
339,45,Jimmy Howard,14330155.64,False,"174 Andrews Bridge
West Travis, AS 33095",ellismaxwell@example.com,2024-11-02 09:08:14
340,45,Edgar Hinton,14877686.82,True,"179 Porter Mills
Ramirezchester, AZ 49660",xmoore@example.com,2021-11-28 02:41:13
341,46,Denise Taylor,10876023.1,True,"91565 Julie Island Suite 608
Andersonland, UT 34361",jennifer02@example.net,2024-09-03 02:50:19
342,46,Jason Cooper,12013014.43,True,"333 Stevens Street Suite 564
East Melissa, GA 78614",justinstuart@example.net,2022-05-24 00:17:25
343,46,Evan Whitehead,10913367.52,True,"7886 Baldwin Manor Apt. 972
Hernandezfurt, VI 61299",vbryan@example.com,2023-09-27 14:38:14
344,46,Rachel Drake,9378095.9,True,"713 Howard Canyon
Shannonfort, HI 81879",kayla20@example.net,2025-06-17 04:56:18
345,46,Kyle Coleman,11937591.27,True,"7589 Erickson Centers Apt. 051
West Timothyshire, MT 17079",barry37@example.net,2020-03-20 21:35:01
346,46,Kendra Horton,11208249.51,True,"59559 Mark Inlet Apt. 298
Zimmermanshire, AK 91507",agrant@example.com,2022-06-17 12:32:13
347,46,Paige Malone,13372586.96,False,"53013 Christina Hollow
West Yvonneville, MO 86672",glynch@example.org,2023-02-14 08:11:26
348,46,Mark Wise,11477674.85,True,"9428 Erickson Ville Suite 347
Vincenttown, VT 37842",rebecca89@example.org,2025-05-26 08:53:20
349,46,Emily Griffin,14504938.25,False,"124 Anderson Harbors Apt. 169
Morganport, ID 51271",mcgeeanne@example.org,2021-10-15 16:53:53
350,47,Gabriela Hamilton,14261845.32,True,"0446 Brandon Branch
South Darylburgh, VA 73932",samantha81@example.org,2022-12-28 11:34:34
351,47,Amanda Bradley,11265244.47,True,"1546 Louis Dam
North Sherry, AL 79357",melissa14@example.org,2024-11-18 03:42:05
352,47,Robert Young,12430988.23,True,"0449 Peter Rest Apt. 972
Tinaburgh, TN 78001",jillabbott@example.com,2020-09-14 13:21:08
353,47,Monica Baird,14851193.3,True,"6370 William Ridge Suite 474
Brendashire, SD 86255",matthew78@example.org,2022-12-11 05:34:17
354,47,Dylan Hancock,12278202.71,False,"USNV Davis
FPO AE 31114",deborahsanders@example.org,2023-09-14 18:21:51
355,47,Kathryn Garcia,9079543.47,False,"1075 Katherine Heights
Garzaside, MN 29356",ncardenas@example.com,2023-03-14 18:26:30
356,47,Alejandra Bennett,14352361.25,False,"PSC 1561, Box 8724
APO AE 39528",swhite@example.org,2022-12-24 20:03:13
357,48,Christopher Wiley,10471810.24,True,"32246 Anthony Walk
East Anna, OR 89348",erin67@example.com,2023-10-20 07:36:01
358,48,Martin Williams,10689164.89,True,"971 Randy Harbors Suite 111
Port Erik, MT 00627",zjohnson@example.org,2023-09-01 05:54:47
359,48,Kim Johnson,12288030.5,True,"0662 Stephanie Coves Apt. 117
Stephaniefort, AS 61402",paulvaughan@example.org,2020-03-20 04:03:06
360,48,Elizabeth King,9219592.47,False,"6266 Brenda Mountains
North Francisco, NH 67669",briannacoffey@example.net,2025-06-27 19:53:37
361,48,Adam Lucas,14699280.17,False,"10912 Levy Streets
Whiteside, MT 67036",angelicahunter@example.com,2021-07-07 14:25:24
362,48,Nicholas Schwartz,9817358.46,False,"814 Mcclure Villages
Jonathanburgh, NH 90809",fieldsgeorge@example.com,2023-07-25 10:40:46
363,48,Grace Thompson,13099481.24,False,"1654 Curtis Tunnel
Randallton, VT 87265",jonathan38@example.com,2020-03-19 13:28:08
364,48,John Richardson,11549296.31,True,"USS Gray
FPO AA 62891",bwells@example.net,2024-09-12 12:36:06
365,48,David Ritter,12158942.51,False,"USNS Hill
FPO AP 96503",aprilmiller@example.org,2020-10-07 05:28:30
366,49,Steven Robinson,13483378.05,True,"846 Jasmine Spring
Riddlestad, NJ 01805",sherrimorton@example.org,2021-10-12 15:06:15
367,49,John Smith,11696054.68,True,"91305 Lloyd Alley Apt. 205
Washingtonton, MH 28722",jasminehernandez@example.org,2025-01-16 09:59:07
368,49,Leslie Bell,13015245.03,True,"801 Angela Ville
Hatfieldtown, AK 13846",zmendez@example.net,2021-02-03 21:45:41
369,49,Jason Manning,10363397.95,False,"5064 Emily Prairie Suite 460
South Caitlin, ME 49851",susanvelasquez@example.org,2023-03-02 23:23:06
370,49,Connie Campos,9555194.07,True,"271 Rebecca Lakes Apt. 753
West John, OK 36856",cheryl42@example.net,2025-08-09 11:42:01
371,49,Ronald Rodriguez,9265278.09,True,"4315 Adams Harbor
Josephtown, NY 65843",timothywillis@example.org,2020-10-16 08:31:59
372,49,Jill Miller,12618080.05,False,"87522 Christian Trafficway Apt. 524
Hillmouth, AS 52903",leemichelle@example.com,2023-05-11 11:49:51
373,50,Danny Fischer,14110008.24,True,"PSC 7243, Box 7680
APO AA 29197",hendersonkevin@example.org,2025-03-29 15:54:31
374,50,John Lewis,9249107.66,True,"3572 Morris Creek
Ashleyfurt, MD 85357",voconnell@example.org,2020-06-08 23:32:45
375,50,John Rodriguez,9276722.25,True,"13434 Gregory Circles
Jessicaton, ME 41794",frank05@example.net,2020-07-03 22:22:00
376,50,John Anderson,14328702.55,True,"7778 Vincent Track
Ashleyfort, DE 09239",waltermiller@example.com,2021-10-05 10:41:44
377,50,Lauren Foster,13120157.46,True,"10567 Kerri Camp
Ponceton, NE 51624",bbender@example.org,2021-08-06 06:17:54
378,50,Aaron Hubbard,9800324.66,False,"80009 Jones Cliffs
Lake Jennifer, KS 01580",nrasmussen@example.net,2022-02-18 19:56:25
